{
  "metrics": {
    "overall": {
      "accuracy": 0.7284736939095181,
      "precision_macro": 0.7328435724784866,
      "recall_macro": 0.7284736939095182,
      "f1_macro": 0.7295946805432812,
      "precision_weighted": 0.7328435724784866,
      "recall_weighted": 0.7284736939095181,
      "f1_weighted": 0.7295946805432812
    },
    "per_class": {
      "Benign": {
        "precision": 0.6193863128618976,
        "recall": 0.6258638164562794,
        "f1_score": 0.6226082174201976
      },
      "DDoS": {
        "precision": 0.690680564071122,
        "recall": 0.6227771123191744,
        "f1_score": 0.6549735936818645
      },
      "Brute Force": {
        "precision": 0.9867963201296535,
        "recall": 0.9537455081544274,
        "f1_score": 0.969989457654914
      },
      "Web Attack": {
        "precision": 0.6345110928512736,
        "recall": 0.7115083387081913,
        "f1_score": 0.6708074534161491
      }
    }
  },
  "confusion_matrix": [
    [
      13585,
      3303,
      127,
      4691
    ],
    [
      4235,
      13518,
      68,
      3885
    ],
    [
      401,
      283,
      20702,
      320
    ],
    [
      3712,
      2468,
      82,
      15444
    ]
  ],
  "class_names": [
    "Benign",
    "DDoS",
    "Brute Force",
    "Web Attack"
  ]
}