{
  "metrics": {
    "overall": {
      "accuracy": 0.321875,
      "precision_macro": 0.30473546440838717,
      "recall_macro": 0.321875,
      "f1_macro": 0.3121397106890934,
      "precision_weighted": 0.30473546440838717,
      "recall_weighted": 0.321875,
      "f1_weighted": 0.3121397106890934
    },
    "per_class": {
      "Benign": {
        "precision": 0.5847703422454253,
        "recall": 0.55445,
        "f1_score": 0.569206683263609
      },
      "DDoS": {
        "precision": 0.01754183496826313,
        "recall": 0.0152,
        "f1_score": 0.016287168497187247
      },
      "Brute Force": {
        "precision": 0.05696517412935324,
        "recall": 0.05725,
        "f1_score": 0.0571072319201995
      },
      "SQL Injection": {
        "precision": 0.559664506290507,
        "recall": 0.6606,
        "f1_score": 0.6059577590753779
      }
    }
  },
  "confusion_matrix": [
    [
      11089,
      439,
      3990,
      4482
    ],
    [
      3580,
      304,
      11866,
      4250
    ],
    [
      1084,
      16108,
      1145,
      1663
    ],
    [
      3210,
      479,
      3099,
      13212
    ]
  ],
  "class_names": [
    "Benign",
    "DDoS",
    "Brute Force",
    "SQL Injection"
  ]
}