{
  "metrics": {
    "overall": {
      "accuracy": 0.11469903150668138,
      "precision_macro": 0.11003424826511243,
      "recall_macro": 0.11469919337960063,
      "f1_macro": 0.11182755538297035,
      "precision_weighted": 0.11003409462325456,
      "recall_weighted": 0.11469903150668138,
      "f1_weighted": 0.11182739906065249
    },
    "per_class": {
      "Benign": {
        "precision": 0.20670155596923184,
        "recall": 0.19239151755552164,
        "f1_score": 0.1992899835759317
      },
      "DDoS": {
        "precision": 0.019771610675873057,
        "recall": 0.016226053222326352,
        "f1_score": 0.017824223706576648
      },
      "Brute Force": {
        "precision": 0.053637699700779244,
        "recall": 0.055281310274935436,
        "f1_score": 0.05444710377469868
      },
      "Web Attack": {
        "precision": 0.16002612671456565,
        "recall": 0.1948978924656191,
        "f1_score": 0.17574891047467436
      }
    }
  },
  "confusion_matrix": [
    [
      17655,
      730,
      54160,
      19221
    ],
    [
      12397,
      1489,
      13926,
      63954
    ],
    [
      4265,
      71726,
      5073,
      10703
    ],
    [
      51096,
      1365,
      21420,
      17885
    ]
  ],
  "class_names": [
    "Benign",
    "DDoS",
    "Brute Force",
    "Web Attack"
  ]
}